millis,switch_on,fp,P,D,I,IMAX,max_rate,flip_pulse,climb_ms,rate_climb,rate_rec,u2_max,gyro_x,error,roll
167883,0,0,2.00,0.01010,0.50,544
167903,0,0,2.00,0.01010,0.50,500.00,500.00,,450,110,400.00,300.00,0.00050,0.31,0.00,-0.4,0.06,0.00,-0.44
167944,0,0,2.00,0.01010,0.50,500.00,500.00,,450,110,400.00,300.00,167984,0,0,2.00,0.01010,0.50,500.00,500.00,,450,110,400.00,300.00,0.00050,0.00,e0.00,0.00050,-0.06,0.00,-0.44
168024,0,0,2.00,0.01010,0.50,500.00,500.00,,450,110,400.00,300,110,400.00,300.00,0.00050,0.06,0.00,-0.44
168065,0,0,2.00,0.01010,0.50,500.00,500.1010,0.50,500.00,500.00,,450,110,400.00,300.00,u2.00,500.00,,450,110,400.00,300.00,0.00050,0.00,0.00,-0.44
168145,0,0,2.00,0.01010,0.50,500.,2.00,0.01010,0.50,500.00,500.00,,450,110,400.00,300.00,0.00050,-0.06,0.00,-0.44
168226,0,0,2.00,0.0144
168246,0,0,2.00,0.01010,0.50,500.00,500.00,,450,110,400.00,300.00,0.00050,0.06,0.00,-0.4,0.06,0.00,-0.44
168287,0,0,2.00,0.01010,0.50,500.00,500.00,,450,110,400.00,300.00,0,500.00,500.00,,450,110,400.00,300.00,0.00050,0.06,0.00,300.00,0.00050,-0.25,0.00,-0.44
168368,0,0,2.00,0.01010,0.50,500.00,500.00,,450,110,400.00,dr450,110,400.00,300.00,0.00050,-0.13,0.00,-0.44
168409,0,0,2.00,0.01010,0.50,500.00,5.00,0.00050,0.00,0.00,-0.44
168450,0,0,2.00,0.01010,0.50,500.00,500.00,,450,1100.00,500.00,,450,110,400.00,300.00,0.00050,0.31,0.00,-0.44
168492,0,0,2.00,0.01010,0.50,50,0,2.00,0.01010,0.50,500.00,500.00,,450,110,400.00,300.00,0.00050,0.06,0.00,"-0.44>",0.00,-0.44
168571,0,0,2.00,0.01010,0.50,500.00,0,-0.44
168595,0,0,2.00,0.01010,0.50,500.00,500.00,,450,110,400.00,300.00,0.00050,-0.25,0.0,0.06,0.00,-0.44
168636,0,0,2.00,0.01010,0.50,500.00,500.00,,450,110,400.00,dr-0.44
168674,0,0,2.00,0.01010,0.50,500.00,500.00,,450,110,400.00,300.00,0.00050,.00,300.00,0.00050,0.06,0.00,-0.44
168717,0,0,2.00,0.01010,0.50,500.00,500.00,,450,110,400.,,450,110,400.00,300.00,0.00050,0.00,0.00,-0.44
168757,0,0,2.00,0.01010,0.50,5006,0.00,-0.44
168797,0,0,2.00,0.01010,0.50,500.00,500.00,,450,110,0,0.50,500.00,500.00,,450,110,400.00,300.00,0.00050,0.00,0.00,-0.44
168837,0,0,2.00,0.01010<168858,0,0,2.00,0.01010,0.50,500.00,500.00,,450,110,400.00,300.00,0.00050,-0.13,0.000,500.00,500.00,,450,110,400.00,300.00,0.00050,0.00,0.00,-0.44
168919,0,0.00,-0.44
168939,0,0,2.00,0.01010,0.50,500.00,500.00,,450,110,400.00,300.00,0.00050,-0.25,er0,0.00050,-0.13,0.00,-0.44
168979,0,0,2.00,0.01010,0.50,500.00,500.00,,450,110,400.,450,110,400.00,300.00,0.00050,0.06,0.000,400.00,300.00,0.00050,-0.31,0.00,-0.44
169060,0,0,2.00,0.01010,0.50,500.00,500.00,,450,1100,500.00,,450,110,400.00,300.00,0.00050,-0.13,0.00,-0.44
169101,0,0,2.00,400.00,300.00,0.00050,0.13,0.00,-0.44
169143,0,0,2.00,0.01010,0.50,500.00,500.00,.01010,0.50,500.00,500.00,,450,110,400.00,300.00,0.00050,-0.06,0.00,-0.44
169184,0,0,2.00,0.44
169205,0,0,2.00,0.01010,0.50,500.00,500.00,,450,110,400.00,300.00,0.00050,0.00,er450,110,400.00,300.00,0.00050,0.13,0.00,-0.44
169267,0,0,-0.06,0.00,-0.44
169287,0,0,2.00,0.01010,0.50,500.00,500.00,,450,110,400.00,300.00,0.00050,300.00,0.00050,0.19,0.00,-0.44
169325,0,0,2.00,0.01010,0.50,500.00,500.00,,450,110,0.00,-0.44
169368,0,0,2.00,0.01010,0.50,500.00,500.00,,450,110,400.00,300.00,110,400.00,300.00,0.00050,-0.19,0.00,-0.44
169409,0,0,2.00,0.01010,0.50,500.00,500.00,,450,fc00.00,500.00,,450,110,400.00,300.00,0.00050,0.00,0.00,-0.44
169489,0,0,2.00,0.01010,0.50,500.00,500.00,,450,110,d2.00,0.01010,0.50,500.00,500.00,,450,110,400.00,300.00,0.00050,0.00,0.00,-0.44
169530,0,0,2,-0.44
169550,0,0,2.00,0.01010,0.50,500.00,500.00,,450,110,400.00,300.00,0.00050,0..01010,0.50,500.00,500.00,,450,110,400.00,300.00,0.00050,-0.06,0.00,"-0.44>",0.06,0.00,-0.44
169631,0,0,2.00,0.01010,0.50,500.00,500.00,,450,110,400.00,300.00,0.00050,00,300.00,0.00050,0.06,0.00,-0.44
169671,0,0,2.00,0.01010,0.50,500.00,500.00,,450,111,0,0,2.00,0.01010,0.50,500.00,500.00,,450,110,400.00,300.00,0.,110,400.00,300.00,0.00050,0.06,0.00,-0.44
169752,0,0,2.00,0.01010,0.50,500.00,500.00,,.50,500.00,500.00,,450,110,400.00,300.00,0.00050,-0.13,0.00,-0.44
169793,0,0,110,400.00,300.00,0.00050,-0.13,0.00,-0.44
169834,0,0,2.00,0.01010,0.50,500.,0,2.00,0.01010,0.50,500.00,500.00,,450,110,400.00,300.00,0.00050,0.00,0.00,-0.44
169874,0,00,-0.44
169895,0,0,2.00,0.01010,0.50,500.00,500.00,,450,110,400.00,300.00,0.00050,,,450,110,400.00,300.00,0.00050,0.19,0.00,-0.44
169950050,-0.19,0.00,-0.44
169976,0,0,2.00,0.01010,0.50,500.00,500.00,,450,110,400.00,300.00,0.0400.00,300.00,0.00050,-0.13,0.00,-0.44
170019,0,0,2.00,0.01010,0.50,500.00,500.00,,450,-0.19,0.00,-0.44
170060,0,0,2.00,0.01010,0.50,500.00,500.00,,450,110,400.00,450,110,400.00,300.00,0.00050,-0.06,0.00,-0.44
170101,0,0,2.00,0.01010,0.50,500.00,500.00,,010,0.50,500.00,500.00,,450,110,400.00,300.00,0.00050,0.00,0.00,-0.44
170141,0,-0.44
170181,0,0,2.00,0.01010,0.50,500.00,500.00,,450202,0,0,2.00,0.01010,0.50,500.00,500.00,,450,110,400.00,300.00,0.00050,0.06,0.00,-0.44
0.00,-0.44
170242,0,0,2.00,0.01010,0.50,500.00,500.00,,450,110,400.00,300.00,0.0005,0,2.00,0.01010,0.50,500.00,500.00,,450,110,400.00,300.00,0.00050,0.00,0.00,0.00050,0.06,0.00,-0.44
170323,0,0,2.00,0.01010,0.50,500.00,500.00,,450,110,400.00,300.00,dc,300.00,0.00050,-0.06,0.00,-0.44
170404,0,0,2.00,0.01010,0.50,500.00,500.00,,450,110,400.00,300.000,,450,110,400.00,300.00,0.00050,-0.13,0.00,-0.44
170444,0,0,2.00,0.01010,0.50,500.00,500..01010,0.50,500.00,500.00,,450,110,400.00,300.00,0.00050,0.06,0.00,-0.44
170484,450,110,400.00,300.00,0.00050,-0.06,0.00,-0.44
170525,0,0,2.00,0.01010,0.570546,0,0,2.00,0.01010,0.50,500.00,500.00,,450,110,400.00,300.00,0.00050,0.00,0.00,-0.44
171,0.00,-0.44
170586,0,0,2.00,0.01010,0.50,500.00,500.00,,450,110,400.00,300.00,0.00.00,300.00,0.00050,-0.13,0.00,-0.44
170648,00,0.00050,-0.13,0.00,-0.44
170669,0,0,2.00,0.01010,0.50,500.00,500.00,,450,110,400.00,300.0c,400.00,300.00,0.00050,0.00,0.00,-0.44
170710,0,0,2.00,0.01010,0.50,500.00,500.00,0.00050,0.19,0.00,-0.44
170752,0,0,2.00,0.01010,0.50,500.00,500.00,,450,110,4500.00,,450,110,400.00,300.00,0.00050,0.06,0.00,-0.44
170792,0,0,2.00,0.01010,0.50,500.00,50,0.01010,0.50,500.00,500.00,,450,110,400.00,300.00,0.00050,0.19,0.00,-0.44
300.00,0.00050,0.19,0.00,-0.44
170894,0,0,2.00,0.01010,0.50,500.00,500.00,,450,110,400.00,300.00,0.00050,0.13,0.00,"-0.44>",0.00,-0.44
170933,0,0,2.00,0.01010,0.50,500.00,500.00,,450,110,400.00,300.00,u20975,0,0,2.00,0.01010,0.50,500.00,500.00,,450,110,400.00,300.00,0.00050,0.13,.00,0.00050,-0.13,0.00,-0.44
171015,0,0,2.00,0.01010,0.50,500.00,500.00,,450,110,400.00,300fc,400.00,300.00,0.00050,0.06,0.00,-0.44
171055,0,0,2.00,0.01010,0.50,500.00,500.00010,0.50,500.00,500.00,,450,110,400.00,300.00,00,500.00,,450,110,400.00,300.00,0.00050,0.00,0.00,-0.44
171136,0,0,2.00,0.01010,0.50,500.02.00,0.01010,0.50,500.00,500.00,,450,110,400.00,300.00,0.00050,0.06,0.00,-0.44
100,,450,110,400.00,300.00,0.00050,0.00,0.00,-0.44
171217,0,0,2.00,0.01014
171237,0,0,2.00,0.01010,0.50,500.00,500.00,,450,110,400.00,300.00,0.00050,0.00,0.00,-0.44gx,0.00,-0.44
171277,0,0,2.00,0.01010,0.50,500.00,500.00,,450,110,400.00,300.00,u,500.00,500.00,,450,110,400.00,300.00,0.00050,0.06,0.00,300.00,0.00050,0.25,0.00,-0.44
171358,0,0,2.00,0.01010,0.50,500.00,500.00,,450,110,400.00,30,110,400.00,300.00,0.00050,0.19,0.00,-0.44
171399,0,0,2.00,0.01010,0.50,500.00,500.,0.00050,0.19,0.00,-0.44
171441,0,0,2.00,0.01010,0.50,500.00,500.00,,450,110,d00,500.00,,450,110,400.00,300.00,0.00050,0.19,0.00,-0.44
171480,0,0,2.00,0.01010,0.50,500.02.00,0.01010,0.50,500.00,500.00,,450,110,400.00,300.00,0.00050,0.00,0.00,-0.44
1,0.00,-0.44
171565,0,0,2.00,0.01010,0.50,500.00,500.0.44
171582,0,0,2.00,0.01010,0.50,500.00,500.00,,450,110,400.00,300.00,0.00050,0.06,0.00,-0.0,-0.06,0.00,-0.44
171666,0,0,2.00,0.01010,0.50,500.00,500.00,,450,110,400.00,300.00,0.00050,0.19,0.00050,0.19,0.00,-0.44
171706,0,0,2.00,0.01010,0.50,500.00,500.00,,450,110,400.00,450,110,400.00,300.00,0.00050,-0.31,0.00,-0.44
171747,0,0,2.00,0.01010,0.50,500.00,5.00,-0.44
171787,0,0,2.00,0.01010,0.50,500.00,500.00,,450,110,400500.00,500.00,,450,110,400.00,300.00,0.00050,-0.13,0.00,-0.44
171828,0,0,2.00,0.01010,0.50,,0,0,2.00,0.01010,0.50,500.00,500.00,,450,110,400.00,300.00,0.00050,0.06,0.00,-0.440,500.00,,450,110,400.00,300.00,0.00050,-0.13,0.00,-0.44
171909,0,0,-0.44
171929,0,0,2.00,0.01010,0.50,500.00,500.00,,450,110,400.00,300.00,0.00050,-0.06,0.00,.00050,-0.19,0.00,-0.44
171969,0,0,2.00,0.01010,0.50,500.00,500.00,,450,110,400.00,0,110,400.00,300.00,0.00050,0.00,0.00,-0.400.00,300.00,0.00050,-0.13,0.00,-0.44
172050,0,0,2.00,0.01010,0.50,500.00,500.00,,450,110,4.00,,450,110,400.00,300.00,0.00050,0.06,0.00,-0.44
172092,0,0,2.00,0.01010,0.50,,300.00,0.00050,0.06,0.00,-0.44
172132,0,0,2.00,0.01010,0.50,500.00,500.00,,45,0.50,500.00,500.00,,450,110,400.00,300.00,0.00050,-0.31,0.00,-0.44
172175,0,0,2.00,0.01010172195,0,0,2.00,0.01010,0.50,500.00,500.00,,450,110,400.00,300.00,0.00050,0.13,0.00,R110,400.00,300.00,0.00050,-0.06,0.00,-0.44
172257,0,0,2.00,0,0.00,-0.44
172278,0,0,2.00,0.01010,0.50,500.00,500.00,,450,110,400.00,300.00,0.00050,0.00,.00,0.00050,-0.06,0.00,-0.44
172318,0,0,2.00,0.01010,0.50,500.00,500.00,,450,110,4000,-0.44
172358,0,0,2.00,0.01010,0.50,500.00,500.00,,450,110,400.00,300.00,0.0dc,300.00,0.00050,0.00,0.00,-0.44
172399,0,0,2.00,0.01010,0.50,500.00,500.00,,450,110,d00.00,,450,110,400.00,300.00,0.00050,0.06,0.00,-0.44
172439,0,0,2.00,0.01010,0.5-0.13,0.00,-0.44
172480,0,0,2.00,0.01010,0.50,500.00,500.00,,450,1010,0.50,500.00,500.00,,450,110,400.00,300.00,0.00050,-0.06,0.00,-0.44
172520,0,0,2.00,0.0
172540,0,0,2.00,0.01010,0.50,500.00,500.00,,450,110,400.00,300.00,0.00050,-0.06,00.50,500.00,500.00,,450,110,400.00,300.00,0.00050,0.00,0.00,-0.44
172601,0.00,-0.44
172621,0,0,2.00,0.01010,0.50,500.00,500.00,,450,110,400.00,300.00,0.00050,0.06,.00,0.00050,-0.19,0.00,-0.44
172661,0,0,2.00,0.01010,0.50,500.00,500.00,,450,110,40,,450,110,400.00,300.00,0.00050,0.00,0.010,400.00,300.00,0.00050,0.06,0.00,-0.44
172742,0,0,2.00,0.01010,0.50,500.00,500.00,,450,110,500.00,,450,110,400.00,300.00,0.00050,-0.13,0.00,-0.44
172783,0,0,2.00,400.00,300.00,0.00050,0.06,0.00,-0.44
172823,0,0,2.00,0.01010,0.50,500.00,500.00,.01010,0.50,500.00,500.00,,450,110,400.00,300.00,0.00050,0.06,0.00,-0.44
172864,0,0,2.00,0.44
172884,0,0,2.00,0.01010,0.50,500.00,500.00,,450,110,400.00,300.00,0.00050,0.06,50,110,400.00,300.00,0.00050,0.19,0.00,-0.44
172948,0,0,2.0.13,0.00,-0.44
172968,0,0,2.00,0.01010,0.50,500.00,500.00,,450,110,400.00,300.00,0.00050,-r,0.00050,-0.06,0.00,-0.44
173009,0,0,2.00,0.01010,0.50,500.00,500.00,,450,110,0.00,-0.44
173050,0,0,2.00,0.01010,0.50,500.00,500.00,,450,110,400.00,300.00,110,400.00,300.00,0.00050,0.06,0.00,-0.44
173088,0,0,2.00,0.01010,0.50,500.00,500.00,,450,0.00,500.00,,450,110,400.00,300.00,0.00050,0.06,0.00,-0.44
173131,0,0,2.00,0.010173171,0,0,2.00,0.01010,0.50,500.00,500.00,,450,110,00,0.01010,0.50,500.00,500.00,,450,110,400.00,300.00,0.00050,0.00,0.00,-0.44
173212,0,0,2.0-0.44
173232,0,0,2.00,0.01010,0.50,500.00,500.00,,450,110,400.00,300.00,0.00050,0.06,010,0.50,500.00,500.00,,450,110,400.00,300.00,0.00050,0.06,0.00,-0.44
17-0.13,0.00,-0.44
173313,0,0,2.00,0.01010,0.50,500.00,500.00,,450,110,400.00,300.00,0.00050,dr,0.00050,0.13,0.00,-0.44
173353,0,0,2.00,0.01010,0.50,500.00,500.00,,450,110,0,0,2.00,0.01010,0.50,500.00,500.00,,450,110,400.00,300.00,0.0000,110,400.00,300.00,0.00050,0.13,0.00,-0.44
173434,0,0,2.00,0.01010,0.50,500.00,500.00,,4500,500.00,500.00,,450,110,400.00,300.00,0.00050,-0.06,0.00,-0.44
173474,0,0,2.00,110,400.00,300.00,0.00050,0.06,0.00,-0.44
173515,0,0,2.00,0.01010,0.50,500.00,,2.00,0.01010,0.50,500.00,500.00,,450,110,400.00,300.00,0.00050,-0.13,0.00,-0.44
173556,0,00,-0.44
173576,0,0,2.00,0.01010,0.50,500.00,500.00,,450,110,400.00,300.00,0.00050,0300.00,0.00050,-0.13,0.00,-0.44
173637,0,0,2.00,0050,-0.19,0.00,-0.44
173659,0,0,2.00,0.01010,0.50,500.00,500.00,,450,110,400.00,300.00,0.0400.00,300.00,0.00050,0.13,0.00,-0.44
173700,0,0,2.00,0.01010,0.50,500.00,500.00,,450,0.25,0.00,-0.44
173739,0,0,2.00,0.01010,0.50,500.00,500.00,,450,110,400.00,3,110,400.00,300.00,0.00050,0.19,0.00,-0.44
173782,0,0,2.00,0.01010,0.50,500.00,500.00,,.50,500.00,500.00,,450,110,400.00,300.00,0.00050,-0.19,0.00,-0.44
173823,0,0,0.00050,-0.19,0.00,-0.44
173863,0,0,2.00,0.01010,0.50,500.00,500.00,0,0,2.00,0.01010,0.50,500.00,500.00,,450,110,400.00,300.00,0.00050,0.00,0.00,-0.44
173904,0.00,-0.44
173924,0,0,2.00,0.01010,0.50,500.00,500.00,,450,110,400.00,300.00,0.00050,g.00,0.01010,0.50,500.00,500.00,,450,110,400.00,300.00,0.00050,-0.06,0.00,-000050,0.25,0.00,-0.44
174005,0,0,2.00,0.01010,0.50,500.00,500.00,,450,110,400.00,300.00,0.0400.00,300.00,0.00050,0.06,0.00,-0.44
174045,0,0,2.00,0.01010,0.50,500.00,500.00,,450,500.00,500.00,,450,110,400.00,300.00,0.00050,g,450,110,400.00,300.00,0.00050,0.00,0.00,-0.44
174126,0,0,2.00,0.01010,0.50,500.00,500.00,,10,0.50,500.00,500.00,,450,110,400.00,300.00,0.00050,0.06,0.00,-0.44
174166,0,0,50,110,400.00,300.00,0.00050,-0.06,0.00,-0.44
174207,0,0,2.00,0.01010,0.50,5227,0,0,2.00,0.01010,0.50,500.00,500.00,,450,110,400.00,300.00,0.00050,0.00,0.00,-0.44
0.00,-0.44
174267,0,0,2.00,0.01010,0.50,500.00,500.00,,450,110,400.00,300.00,0.0005,500.00,,450,110,400.00,300.00,0.00050,-0.06,0.00,-0.44>,0.00050,0.06,0.00,-0.44
174350,0,0,2.00,0.01010,0.50,500.00,500.00,,450,110,400.00,300.00,110,400.00,300.00,0.00050,0.13,0.00,-0.44
174390,0,0,2.00,0.01010,0.50,500.00,500.00,,f.00050,0.25,0.00,-0.44
174433,0,0,2.00,0.01010,0.50,500.00,500.00,,450,110,400.00,,450,110,400.00,300.00,0.00050,-0.19,0.00,-0.44
174474,0,0,2.00,0.01010,0.50,500.00,500,0.01010,0.50,500.00,500.00,,450,110,400.00,300.00,0.00050,-0.06,0.00,-0.44
300.00,0.00050,-0.31,0.00,-0.44
174556,0,0,2.00,0.01010,0.50,5044
174576,0,0,2.00,0.01010,0.50,500.00,500.00,,450,110,400.00,300.00,0.00050,0.06,0.00,-0.40,0.19,0.00,-0.44
174616,0,0,2.00,0.01010,0.50,500.00,500.00,,450,110,400.00,300.00<174657,0,0,2.00,0.01010,0.50,500.00,500.00,,450,110,400.00,300.00,0.00050,0.00,00.00,0.00050,-0.13,0.00,-0.44
174697,0,0,2.00,0.01010,0.50,500.00,500.00,,450,110,400.00,350,110,400.00,300.00,0.00050,0.06,0.00,-0.44
174738,0,0,2.00,0.01010,0.50,500.00,500.01010,0.50,500.00,500.00,,450,110,400.00,300.00500.00,500.00,,450,110,400.00,300.00,0.00050,-0.13,0.00,-0.44
174818,0,0,2.00,0.01010,0.50,,0,0,2.00,0.01010,0.50,500.00,500.00,,450,110,400.00,300.00,0.00050,0.13,0.00,-0.44,500.00,,450,110,400.00,300.00,0.00050,0.06,0.00,-0.44
174899,0,0,2.00,00.44
174919,0,0,2.00,0.01010,0.50,500.00,500.00,,450,110,400.00,300.00,0.00050,0.00,0.00,-050,-0.06,0.00,-0.44
174960,0,0,2.00,0.01010,0.50,500.00,500.00,,450,110,400.00,300..50,500.00,500.00,,450,110,400.00,300.00,0.00050,0.13,0.00,300.00,0.00050,0.19,0.00,-0.44
175041,0,0,2.00,0.01010,0.50,500.00,500.00,,450,110,400.00,450,110,400.00,300.00,0.00050,0.19,0.00,-0.44
175082,0,0,2.00,0.01010,0.50,500.000.00,0.00050,-0.06,0.00,-0.44
175124,0,0,2.00,0.01010,0.50,500.00,500.00,,450,00.00,500.00,,450,110,400.00,300.00,0.00050,0.00,0.00,-0.44
175165,0,0,2.00,0.01010,0.50,50,0,0,2.00,0.01010,0.50,500.00,500.00,,450,110,400.00,300.00,0.00050,0.00,0.00,-0.44x,0.00,-0.44
175245,0,0,2.00,0.01010,0.50,500.00,,-0.44
175268,0,0,2.00,0.01010,0.50,500.00,500.00,,450,110,400.00,300.00,0.00050,0.31,0.00,.00050,0.06,0.00,-0.44
175308,0,0,2.00,0.01010,0.50,500.00,500.00,,450,110,400.00,34
175346,0,0,2.00,0.01010,0.50,500.00,500.00,,450,110,400.00,300.00,0.00050,-0,300.00,0.00050,0.00,0.00,-0.44
175389,0,0,2.00,0.01010,0.50,500.00,500.00,,450,110,400.00pd,110,400.00,300.00,0.00050,0.19,0.00,-0.44
175429,0,0,2.00,0.01010,0.50,500.000.00,-0.44
175470,0,0,2.00,0.01010,0.50,500.00,500.00,,450,110,40,500.00,500.00,,450,110,400.00,300.00,0.00050,0.06,0.00,-0.44
175510,0,0,2.00,0.01010,0.50,30,0,0,2.00,0.01010,0.50,500.00,500.00,,450,110,400.00,300.00,0.00050,0.00,0.00,-0..00,500.00,,450,110,400.00,300.00,0.00050,0.06,0.00,-0.44
175591,0,0,2.0,-0.44
175611,0,0,2.00,0.01010,0.50,500.00,500.00,,450,110,400.00,300.00,0.00050,0.13,0.00,.00050,-0.06,0.00,-0.44
175651,0,0,2.00,0.01010,0.50,500.00,500.00,,450,110,400.00,,110,400.00,300.00,0.00050,0.13,0.00,-0.44.00,300.00,0.00050,-0.13,0.00,-0.44
175732,0,0,2.00,0.01010,0.50,500.00,500.00,,450,110,400,,450,110,400.00,300.00,0.00050,-0.06,0.00,-0.44
175773,0,0,2.00,0.01010,0.50,300.00,0.00050,-0.13,0.00,-0.44
175813,0,0,2.00,0.01010,0.50,500.00,500.00,,450.50,500.00,500.00,,450,110,400.00,300.00,0.00050,0.19,0.00,-0.44
175854,0,0,2.00,0.01010,0.5875,0,0,2.00,0.01010,0.50,500.00,500.00,,450,110,400.00,300.00,0.00050,-0.13,0.00,10,400.00,300.00,0.00050,0.00,0.00,-0.44
175937,0,0,2.00,0.00,-0.44
175958,0,0,2.00,0.01010,0.50,500.00,500.00,,450,110,400.00,300.00,0.00050,-0.06,e00,0.00050,0.00,0.00,-0.44
175997,0,0,2.00,0.01010,0.50,500.00,500.00,,450,110,400.,-0.44
176040,0,0,2.00,0.01010,0.50,500.00,500.00,,450,110,400.00,300.00,0.000,300.00,0.00050,0.00,0.00,-0.44
176081,0,0,2.00,0.01010,0.50,500.00,500.00,,450,110,0.00,,450,110,400.00,300.00,0.00050,0.19,0.00,-0.44
176121,0,0,2.00,0.01010,0.500,0,2.00,0.01010,0.50,500.00,500.00,,450,110,400.00,10,0.50,500.00,500.00,,450,110,400.00,300.00,0.00050,-0.13,0.00,-0.44
176222,0,0,2.00,0.01010,0.50,500.00,500.00,,450,110,400.00,300.00,0.00050,-0.06,0.0.50,500.00,500.00,,450,110,400.00,300.00,0.00050,-0.13,0.00,-0.44
176289,0.00,-0.44
176303,0,0,2.00,0.01010,0.50,500.00,500.00,,450,110,400.00,300.00,0.00050,-0.000.00,0.00050,-0.13,0.00,-0.44
176344,0,0,2.00,0.01010,0.50,500.00,500.00,,450,110,0,2.00,0.01010,0.50,500.00,500.00,,450,110,400.00,300.00,0.00050,110,400.00,300.00,0.00050,-0.25,0.00,-0.44
176425,0,0,2.00,0.01010,0.50,500.00,500.00,,4500,500.00,500.00,,450,110,400.00,300.00,0.00050,0.06,0.00,-0.44
176466,0,0,2.00,010,400.00,300.00,0.00050,0.00,0.00,-0.44
176506,0,0,2.00,0.01010,0.50,500.00,50.00,0.01010,0.50,500.00,500.00,,450,110,400.00,300.00,0.00050,-0.19,0.00,-0.44
176547,0,0,2,-0.44
176568,0,0,2.00,0.01010,0.50,500.00,500.00,,450,110,400.00,300.00,0.00050,-0300.00,0.00050,-0.31,0.00,-0.44
176631,0,0,2.00,0050,-0.25,0.00,-0.44
176649,0,0,2.00,0.01010,0.50,500.00,500.00,,450,110,400.00,300.00,0.0,300.00,0.00050,-0.06,0.00,-0.44
176693,0,0,2.00,0.01010,0.50,500.00,500.00,,450,-0.19,0.00,-0.44
176733,0,0,2.00,0.01010,0.50,500.00,500.00,,450,110,400.00,,450,110,400.00,300.00,0.00050,0.13,0.00,-0.44
176774,0,0,2.00,0.01010,0.50,500.00,500.00,,10,0.50,500.00,500.00,,450,110,400.00,300.00,0.00050,0.06,0.00,-0.44
176814,0,0,.00,0.00050,0.00,0.00,-0.44
176854,0,0,2.00,0.01010,0.50,500.00,506875,0,0,2.00,0.01010,0.50,500.00,500.00,,450,110,400.00,300.00,0.00050,-0.13,0.00,-0.44
175,0.00,-0.44
176915,0,0,2.00,0.01010,0.50,500.00,500.00,,450,110,400.00,300.00,0.000,0,2.00,0.01010,0.50,500.00,500.00,,450,110,400.00,300.00,0.00050,-0.06,0.00u2,-0.13,0.00,-0.44
176996,0,0,2.00,0.01010,0.50,500.00,500.00,,450,110,400.00,300.00,10,400.00,300.00,0.00050,0.13,0.00,-0.44
177036,0,0,2.00,0.01010,0.50,500.00,500.00,,fp44
177077,0,0,2.00,0.01010,0.50,500.00,500.00,,450,110,400.00,300.00,,450,110,400.00,300.00,0.00050,0.13,0.00,-0.44
177117,0,0,2.00,0.01010,0.50,500.00,5000.01010,0.50,500.00,500.00,,450,110,400.00,300.00,0.00050,0.19,0.00,-0.44
450,110,400.00,300.00,0.00050,0.06,0.00,-0.44
177198,0,0,2.00,0.01010,0.5177219,0,0,2.00,0.01010,0.50,500.00,500.00,,450,110,400.00,300.00,0.00050,0.00,0.00,-0.44
1.06,0.00,-0.44
177260,0,0,2.00,0.01010,0.50,500.00,500.00,,450,110,400.00,300.00,0.400.00,300.00,0.00050,-0.13,0.00,-0.44
1773200.00,0.00050,0.00,0.00,-0.44
177343,0,0,2.00,0.01010,0.50,500.00,500.00,,450,110,400.00,300,110,400.00,300.00,0.00050,0.00,0.00,-0.44
177385,0,0,2.00,0.01010,0.50,500.00,0.00050,0.00,0.00,-0.44
177425,0,0,2.00,0.01010,0.50,500.00,500.00,,450,110,dc,500.00,,450,110,400.00,300.00,0.00050,-0.13,0.00,-0.44
177466,0,0,2.00,0.01010,0.50,500.00,2.00,0.01010,0.50,500.00,500.00,,450,110,400.00,300.00,0.00050,-0.19,0.00,-0.44
177547,0,0,2.00,0.01010,0.50-0.44
177567,0,0,2.00,0.01010,0.50,500.00,500.00,,450,110,400.00,300.00,0.00050,-0.19,0.00,0050,-0.06,0.00,-0.44
177607,0,0,2.00,0.01010,0.50,500.00,500.00,,450,110,400.00,304
177648,0,0,2.00,0.01010,0.50,500.00,500.00,,450,110,400.00,300.00,0.00050,0dr,0.00050,-0.19,0.00,-0.44
177688,0,0,2.00,0.01010,0.50,500.00,500.00,,450,110,400.00,450,110,400.00,300.00,0.00050,0.13,0.00,-0.44
177728,0,0,2.00,0.01010,0.50,500.00,00,0.01010,0.50,500.00,500.00,,450,110,400.00,30.50,500.00,500.00,,450,110,400.00,300.00,0.00050,0.25,0.00,-0.44
177810,0,0,2.00,0.01010,0.830,0,0,2.00,0.01010,0.50,500.00,500.00,,450,110,400.00,300.00,0.00050,0.19,0.00,-0.00,500.00,,450,110,400.00,300.00,0.00050,0.37,0.00,-0.44
177891,0,0,-0.44
177911,0,0,2.00,0.01010,0.50,500.00,500.00,,450,110,400.00,300.00,0.00050,0.00,0.00,R.00050,-0.13,0.00,-0.44
177952,0,0,2.00,0.01010,0.50,500.00,500.00,,450,110,400.00,10,0.50,500.00,500.00,,450,110,400.00,300.00,0.00050,-0.06,er0.00,300.00,0.00050,-0.13,0.00,-0.44
178036,0,0,2.00,0.01010,0.50,500.00,500.00,,450,110,400,,450,110,400.00,300.00,0.00050,-0.06,0.00,-0.44
178077,0,0,2.00,0.01010,0.50,300.00,0.00050,-0.06,0.00,-0.44
178118,0,0,2.00,0.01010,0.50,500.00,500.00,,45.50,500.00,500.00,,450,110,400.00,300.00,0.00050,-0.25,0.00,-0.44
178155,0,0,2.00,0.01010,078178,0,0,2.00,0.01010,0.50,500.00,500.00,,450,110,400.00,300.00,0.00050,0.06,0.00,50,-0.06,0.00,-0.44
178239,0,0,2.00,0.01010,0.50,0.00,-0.44
178258,0,0,2.00,0.01010,0.50,500.00,500.00,,450,110,400.00,300.00,0.00050,-0.13,e00,0.00050,0.19,0.00,-0.44
178300,0,0,2.00,0.01010,0.50,500.00,500.00,,450,110,400.,-0.44
178340,0,0,2.00,0.01010,0.50,500.00,500.00,,450,110,400.00,300.00,0.000,300.00,0.00050,0.00,0.00,-0.44
178380,0,0,2.00,0.01010,0.50,500.00,500.00,,450,110,.00,,450,110,400.00,300.00,0.00050,-0.06,0.00,-0.44
178420,0,0,2.00,0.01010,0.500.13,0.00,-0.44
178461,0,0,2.00,0.01010,0.50,500.00,500.00,,450,1010,0.50,500.00,500.00,,450,110,400.00,300.00,0.00050,0.00,0.00,-0.44
178521,0,0,2.00,0.01010,0.50,500.00,500.00,,450,110,400.00,300.00,0.00050,0.13,0.000,500.00,500.00,,450,110,400.00,300.00,0.00050,0.06,0.00,-0.44
178582,0,0.00,-0.44
178602,0,0,2.00,0.01010,0.50,500.00,500.00,,450,110,400.00,300.00,0.00050,0.13,er0,0.00050,0.06,0.00,-0.44
178643,0,0,2.00,0.01010,0.50,500.00,500.00,,450,110,400.0d,110,400.00,300.00,0.00050,0.13,0.00,dc,300.00,0.00050,-0.13,0.00,-0.44
178724,0,0,2.00,0.01010,0.50,500.00,500.00,,450,110,,500.00,,450,110,400.00,300.00,0.00050,0.00,0.00,-0.44
178766,0,0,2.00,0.01010,000.00,300.00,0.00050,0.06,0.00,-0.44
178806,0,0,2.00,0.01010,0.50,500.00,500.00,,f01010,0.50,500.00,500.00,,450,110,400.00,300.00,0.00050,0.13,0.00,-0.44
178849,0,0,2.00,0.04
178870,0,0,2.00,0.01010,0.50,500.00,500.00,,450,110,400.00,300.00,0.00050,0.06,0,110,400.00,300.00,0.00050,-0.25,0.00,-0.44
178931,0,0,2.0.25,0.00,-0.44
178951,0,0,2.00,0.01010,0.50,500.00,500.00,,450,110,400.00,300.00,0.00050,0,0.00050,0.13,0.00,-0.44
178991,0,0,2.00,0.01010,0.50,500.00,500.00,,450,110,dc0.00,-0.44
179031,0,0,2.00,0.01010,0.50,500.00,500.00,,450,110,400.00,300.00,010,400.00,300.00,0.00050,0.00,0.00,-0.44
179072,0,0,2.00,0.01010,0.50,500.00,500.00,,450,1100,500.00,,450,110,400.00,300.00,0.00050,0.06,0.00,-0.44
179112,0,0,2.00,0.01010,0.06,0.00,-0.44
179153,0,0,2.00,0.01010,0.50,500.00,500.00,,450,,0.01010,0.50,500.00,500.00,,450,110,400.00,300.00,0.00050,0.25,0.00,-0.44
179193,0,0,2.00,.44
179213,0,0,2.00,0.01010,0.50,500.00,500.00,,450,110,400.00,300.00,0.00050,-0.06,e010,0.50,500.00,500.00,,450,110,400.00,300.00,0.00050,-0.13,0.00,-0.44
-0.13,0.00,-0.44
179294,0,0,2.00,0.01010,0.50,500.00,500.00,,450,110,400.00,300.00,0.00050,300.00,0.00050,0.00,0.00,-0.44
179335,0,0,2.00,0.01010,0.50,500.00,500.00,,450,110,00.00,,450,110,400.00,300.00,0.00050,-0.06,0,110,400.00,300.00,0.00050,-0.19,0.00,-0.44
179416,0,0,2.00,0.01010,0.50,500.00,500.00,,450,500.00,500.00,,450,110,400.00,300.00,0.00050,0.13,0.00,-0.44
179457,0,0,2.00,110,400.00,300.00,0.00050,0.25,0.00,-0.44
179499,0,0,2.00,0.01010,0.50,500.00,,2.00,0.01010,0.50,500.00,500.00,,450,110,400.00,300.00,0.00050,-0.06,0.00,-0.44
179541,0,00,-0.44
179558,0,0,2.00,0.01010,0.50,500.00,500.00,,450,110,400.00,300.00,0.00050,0,450,110,400.00,300.00,0.00050,-0.06,0.00,-0.44
179620050,-0.13,0.00,-0.44
179643,0,0,2.00,0.01010,0.50,500.00,500.00,,450,110,400.00,300.00,0.0400.00,300.00,0.00050,0.00,0.00,-0.44
179683,0,0,2.00,0.01010,0.50,500.00,500.00,,450,-0.06,0.00,-0.44
179724,0,0,2.00,0.01010,0.50,500.00,500.00,,450,110,400.00,450,110,400.00,300.00,0.00050,0.13,0.00,-0.44
179764,0,0,2.00,0.01010,0.50,500.00,500.00,,fp0,0.50,500.00,500.00,,450,110,400.00,300.00,0.00050,-0.06,0.00,-0.44
179805,0,0,,-0.44
179845,0,0,2.00,0.01010,0.50,500.00,500.00,,4579865,0,0,2.00,0.01010,0.50,500.00,500.00,,450,110,400.00,300.00,0.00050,-0.06,0.00,-0.44
1.25,0.00,-0.44
179906,0,0,2.00,0.01010,0.50,500.00,500.00,,450,110,400.00,300.00,0.6,0,0,2.00,0.01010,0.50,500.00,500.00,,450,110,400.00,300.00,0.00050,0.00,0.0,0.00050,-0.06,0.00,-0.44
179987,0,0,2.00,0.01010,0.50,500.00,500.00,,450,110,400.00,300.00110,400.00,300.00,0.00050,0.19,0.00,-0.44
180027,0,0,2.00,0.01010,0.50,500.00,500.00,,f44
180068,0,0,2.00,0.01010,0.50,500.00,500.00,,450,110,400.00,300.00,,450,110,400.00,300.00,0.00050,0.19,0.00,-0.44
180108,0,0,2.00,0.01010,0.50,500.00,500,0.01010,0.50,500.00,500.00,,450,110,400.00,300.00,0.00050,0.00,0.00,-0.44
1801,450,110,400.00,300.00,0.00050,0.13,0.00,-0.44
180191,0,0,2.00,0.01010,0<180210,0,0,2.00,0.01010,0.50,500.00,500.00,,450,110,400.00,300.00,0.00050,0.31,0.00,-0.44
0.13,0.00,-0.44
180253,0,0,2.00,0.01010,0.50,500.00,500.00,,450,110,400.00,300.00,0c,300.00,0.00050,-0.19,0.00,-0.44
180300.00,0.00050,-0.13,0.00,-0.44
180336,0,0,2.00,0.01010,0.50,500.00,500.00,,450,110,400.00,50,110,400.00,300.00,0.00050,-0.06,0.00,-0.44
180376,0,0,2.00,0.01010,0.50,500.00,500,0.00050,0.13,0.00,-0.44
180415,0,0,2.00,0.01010,0.50,500.00,500.00,,450,110,.00,500.00,,450,110,400.00,300.00,0.00050,-0.06,0.00,-0.44
180457,0,0,2.00,0.01010,0.50,500,0,2.00,0.01010,0.50,500.00,500.00,,450,110,400.00,300.00,0.00050,-0.13,0.00,-0.44>400.00,300.00,0.00050,-0.13,0.00,-0.44
180538,0,0,2.00,0.01010,,-0.44
180558,0,0,2.00,0.01010,0.50,500.00,500.00,,450,110,400.00,300.00,0.00050,0.00,0.00,.00050,-0.19,0.00,-0.44
180598,0,0,2.00,0.01010,0.50,500.00,500.00,,450,110,400.00,0.44
180639,0,0,2.00,0.01010,0.50,500.00,500.00,,450,110,400.00,300.00,0.00050,g0.00,300.00,0.00050,0.06,0.00,-0.44
180679,0,0,2.00,0.01010,0.50,500.00,500.00,,450,110,4000,,450,110,400.00,300.00,0.00050,-0.25,0.00,-0.44
180720,0,0,2.00,0.01010,0.50,50,2.00,0.01010,0.50,500.00,500.00,,450,110,400.00,dr,0.50,500.00,500.00,,450,110,400.00,300.00,0.00050,-0.13,0.00,-0.44
180802,0,0,2.00,0.01010180823,0,0,2.00,0.01010,0.50,500.00,500.00,,450,110,400.00,300.00,0.00050,0.00,0.00,R,500.00,500.00,,450,110,400.00,300.00,0.00050,0.19,0.00,-0.44
180885,0,0.00,-0.44
180906,0,0,2.00,0.01010,0.50,500.00,500.00,,450,110,400.00,300.00,0.00050,0.13,,0.00050,0.06,0.00,-0.44
180947,0,0,2.00,0.01010,0.50,500.00,500.00,,450,110,400.00.01010,0.50,500.00,500.00,,450,110,400.00,300.00,0.00050,0.00,300.00,0.00050,0.00,0.00,-0.44
181028,0,0,2.00,0.01010,0.50,500.00,500.00,,450,110,0.00,,450,110,400.00,300.00,0.00050,0.00,0.00,-0.44
181066,0,0,2.00,0.01010,0.500,300.00,0.00050,0.00,0.00,-0.44
181109,0,0,2.00,0.01010,0.50,500.00,500.00,,4,0.50,500.00,500.00,,450,110,400.00,300.00,0.00050,0.00,0.00,-0.44
181149,0,0,2.00,0.01010,81169,0,0,2.00,0.01010,0.50,500.00,500.00,,450,110,400.00,300.00,0.00050,-0.06,0.00,R050,-0.06,0.00,-0.44
181230,0,0,2.00,0.01010,0.50,0.00,-0.44
181250,0,0,2.00,0.01010,0.50,500.00,500.00,,450,110,400.00,300.00,0.00050,0.00,e00,0.00050,0.13,0.00,-0.44
181290,0,0,2.00,0.01010,0.50,500.00,500.00,,450,110,400.,-0.44
181330,0,0,2.00,0.01010,0.50,500.00,500.00,,450,110,400.00,300.00,0.000,300.00,0.00050,0.06,0.00,-0.44
181371,0,0,2.00,0.01010,0.50,500.00,500.00,,450,110,0.00,,450,110,400.00,300.00,0.00050,0.19,0.00,-0.44
181411,0,0,2.00,0.01010,0.50-0.06,0.00,-0.44
181452,0,0,2.00,0.01010,0.50,500.00,500.00,,450,1010,0.50,500.00,500.00,,450,110,400.00,300.00,0.00050,0.13,0.00,-0.44
181492,0,0,2.00,0.01
181513,0,0,2.00,0.01010,0.50,500.00,500.00,,450,110,400.00,300.00,0.00050,0.00,0.,0.50,500.00,500.00,,450,110,400.00,300.00,0.00050,0.25,0.00,-0.44
181579,0.00,-0.44
181595,0,0,2.00,0.01010,0.50,500.00,500.00,,450,110,400.00,300.00,0.00050,0.060.00,0.00050,0.06,0.00,-0.44
181636,0,0,2.00,0.01010,0.50,500.00,500.00,,450,110,4000,0.01010,0.50,500.00,500.00,,450,110,400.00,300.00,0.00050,110,400.00,300.00,0.00050,0.06,0.00,-0.44
181716,0,0,2.00,0.01010,0.50,500.00,500.00,,450,100,500.00,,450,110,400.00,300.00,0.00050,-0.13,0.00,-0.44
181760,0,0,2.00,400.00,300.00,0.00050,-0.06,0.00,-0.44
181800,0,0,2.00,0.01010,0.50,500.00,500.00.01010,0.50,500.00,500.00,,450,110,400.00,300.00,0.00050,0.00,0.00,-0.44
181841,0,0,2.00,0.4
181861,0,0,2.00,0.01010,0.50,500.00,500.00,,450,110,400.00,300.00,0.00050,0.00,02,0.00,0.00,-0.44
181921,0,0,2.00,0.01010,0.31,0.00,-0.44
181942,0,0,2.00,0.01010,0.50,500.00,500.00,,450,110,400.00,300.00,0.00050,-0,0.00050,0.00,0.00,-0.44
181982,0,0,2.00,0.01010,0.50,500.00,500.00,,450,110,0.00,-0.44
182022,0,0,2.00,0.01010,0.50,500.00,500.00,,450,110,400.00,300.00,10,400.00,300.00,0.00050,-0.06,0.00,-0.44
182063,0,0,2.00,0.01010,0.50,500.00,500.00,,450,1.00,500.00,,450,110,400.00,300.00,0.00050,-0.06,0.00,-0.44
182103,0,0,2.00,0.01050,-0.06,0.00,-0.44
182144,0,0,2.00,0.01010,0.50,500.00,500.00,,4.00,0.01010,0.50,500.00,500.00,,450,110,400.00,300.00,0.00050,0.00,0.00,-0.44
182184,0,0,-0.44
182204,0,0,2.00,0.01010,0.50,500.00,500.00,,450,110,400.00,300.00,0.00050,-0.101010,0.50,500.00,500.00,,450,110,400.00,300.00,0.00050,0.19,0.00,-0.44
0.00,0.00,-0.44
182285,0,0,2.00,0.01010,0.50,500.00,500.00,,450,110,400.00,300.00,0.00050,300.00,0.00050,-0.06,0.00,-0.44
182326,0,0,2.00,0.01010,0.50,500.00,500.00,,450,11000.00,,450,110,400.00,300.00,0.00050,0.31,e,110,400.00,300.00,0.00050,0.00,0.00,-0.44
182408,0,0,2.00,0.01010,0.50,500.00,500.00,,450,,500.00,500.00,,450,110,400.00,300.00,0.00050,0.00,0.00,-0.44
182449,0,0,2.00,0.0,400.00,300.00,0.00050,0.13,0.00,-0.44
182490,0,0,2.00,0.01010,0.50,500.00,5000,0.01010,0.50,500.00,500.00,,450,110,400.00,300.00,0.00050,0.19,0.00,-0.44
182531,0,0,2.00-0.44
182552,0,0,2.00,0.01010,0.50,500.00,500.00,,450,110,400.00,300.00,0.00050,-0.06d,110,400.00,300.00,0.00050,-0.06,0.00,-0.44
182613,0,-0.13,0.00,-0.44
182633,0,0,2.00,0.01010,0.50,500.00,500.00,,450,110,400.00,300.00,0.00050.00,300.00,0.00050,0.19,0.00,-0.44
182673,0,0,2.00,0.01010,0.50,500.00,500.00,,450,.06,0.00,-0.44
182714,0,0,2.00,0.01010,0.50,500.00,500.00,,450,110,400.00,300.50,110,400.00,300.00,0.00050,0.06,0.00,-0.44
182755,0,0,2.00,0.01010,0.50,500.00,500.00,,450,500.00,500.00,,450,110,400.00,300.00,0.00050,0.13,0.00,-0.44
182795,0,0,2.00,04
182835,0,0,2.00,0.01010,0.50,500.00,500.00,,450,11,0,2.00,0.01010,0.50,500.00,500.00,,450,110,400.00,300.00,0.00050,0.25,0.00,-0.44
182876,0,.00,-0.44
182896,0,0,2.00,0.01010,0.50,500.00,500.00,,450,110,400.00,300.00,0.00050,gx.00,0.01010,0.50,500.00,500.00,,450,110,400.00,300.00,0.00050,0.00,0.00,-0.050,0.06,0.00,-0.44
182977,0,0,2.00,0.01010,0.50,500.00,500.00,,450,110,400.00,300.00,0.000400.00,300.00,0.00050,-0.06,0.00,-0.44
183018,0,0,2.00,0.01010,0.50,500.00,500.00,,450183058,0,0,2.00,0.01010,0.50,500.00,500.00,,450,110,400.00,300.00,u,450,110,400.00,300.00,0.00050,-0.13,0.00,-0.44
183099,0,0,2.00,0.01010,0.50,500.00,500.00,1010,0.50,500.00,500.00,,450,110,400.00,300.00,0.00050,-0.25,0.00,-0.44
183141,450,110,400.00,300.00,0.00050,-0.19,0.00,-0.44
183183,0,0,2.00,0.01010,0.5183204,0,0,2.00,0.01010,0.50,500.00,500.00,,450,110,400.00,300.00,0.00050,-0.13,0.00,-0.44
0.06,0.00,-0.44
183245,0,0,2.00,0.01010,0.50,500.00,500.00,,450,110,400.00,300.00,0400.00,300.00,0.00050,0.00,0.00,-0.44
183306.00,0.00050,0.06,0.00,-0.44
183325,0,0,2.00,0.01010,0.50,500.00,500.00,,450,110,400.00,300.fc,400.00,300.00,0.00050,0.06,0.00,-0.44
183366,0,0,2.00,0.01010,0.50,500.00,500.000.00050,0.06,0.00,-0.44
183407,0,0,2.00,0.01010,0.50,500.00,500.00,,450,110,400.00,,450,110,400.00,300.00,0.00050,-0.06,0.00,-0.44
183447,0,0,2.00,0.01010,0.50,500.00,50,0.01010,0.50,500.00,500.00,,450,110,400.00,300.00,0.00050,0.19,0.00,-0.44
300.00,0.00050,0.13,0.00,-0.44
183528,0,0,2.00,0.01010,0.50,500.
183548,0,0,2.00,0.01010,0.50,500.00,500.00,,450,110,400.00,300.00,0.00050,0.00,0.00,-0.44>x,0.00,-0.44
183588,0,0,2.00,0.01010,0.50,500.00,500.00,,450,110,400.00,300.00,u23629,0,0,2.00,0.01010,0.50,500.00,500.00,,450,110,400.00,300.00,0.00050,-0.06,er0.00,0.00050,0.06,0.00,-0.44
183669,0,0,2.00,0.01010,0.50,500.00,500.00,,450,110,400.00,300,110,400.00,300.00,0.00050,0.50,0.00,-0.44
183709,0,0,2.00,0.01010,0.50,500.00,-0.44
183750,0,0,2.00,0.01010,0.50,500.00,500.00,,450,110,400.00,d0,500.00,,450,110,400.00,300.00,0.00050,0.00,0.00,-0.44
183791,0,0,2.00,0.01010,0.50,500.00.00,0.01010,0.50,500.00,500.00,,450,110,400.00,300.00,0.00050,-0.31,0.00,-0.44
1.00,,450,110,400.00,300.00,0.00050,0.00,0.00,-0.44
183872,0,0,2.00,0.010
183893,0,0,2.00,0.01010,0.50,500.00,500.00,,450,110,400.00,300.00,0.00050,-0.06,0.00,-0.44gx,0.00,-0.44
183935,0,0,2.00,0.01010,0.50,500.00,500.00,,450,110,400.00,300.00,10,400.00,300.00,0.00050,-0.13,0.00,-0.44
300.00,0.00050,-0.13,0.00,-0.44
184018,0,0,2.00,0.01010,0.50,500.00,500.00,,450,110,400.00,450,110,400.00,300.00,0.00050,0.00,0.00,-0.44
184058,0,0,2.00,0.01010,0.50,500.000.00,0.00050,-0.13,0.00,-0.44
184099,0,0,2.00,0.01010,0.50,500.00,500.00,,450,,500.00,500.00,,450,110,400.00,300.00,0.00050,-0.06,0.00,-0.44
184139,0,0,2.00,0.01010,0.509,0,0,2.00,0.01010,0.50,500.00,500.00,,450,110,400.00,300.00,0.00050,0.06,0.00,-0.4,300.00,0.00050,0.19,0.00,-0.44
184220,0,0,2.00,0.01010,,-0.44
184240,0,0,2.00,0.01010,0.50,500.00,500.00,,450,110,400.00,300.00,0.00050,-0.06,0.000.00050,-0.13,0.00,-0.44
184281,0,0,2.00,0.01010,0.50,500.00,500.00,,450,110,400.00,dr-0.44
184321,0,0,2.00,0.01010,0.50,500.00,500.00,,450,110,400.00,300.00,0.00050,0.00,300.00,0.00050,-0.25,0.00,-0.44
184361,0,0,2.00,0.01010,0.50,500.00,500.00,,450,110,4000,,450,110,400.00,300.00,0.00050,-0.25,0.00,-0.44
184402,0,0,2.00,0.01010,0.50,0,0,2.00,0.01010,0.50,500.00,500.00,,450,110,400.00,010,0.50,500.00,500.00,,450,110,400.00,300.00,0.00050,0.00,0.00,-0.44
184504,0,0,2.00,0.01010,0.50,500.00,500.00,,450,110,400.00,300.00,0.00050,-0.06,0.050,500.00,500.00,,450,110,400.00,300.00,0.00050,-0.06,0.00,-0.44
184566,,0.00,-0.44
184587,0,0,2.00,0.01010,0.50,500.00,500.00,,450,110,400.00,300.00,0.00050,-0.190.00,0.00050,0.00,0.00,-0.44
184626,0,0,2.00,0.01010,0.50,500.00,500.00,,450,110,402.00,0.01010,0.50,500.00,500.00,,450,110,400.00,300.00,0.00050,gx110,400.00,300.00,0.00050,-0.06,0.00,-0.44
184711,0,0,2.00,0.01010,0.50,500.00,500.00,,450,.00,500.00,,450,110,400.00,300.00,0.00050,0.00,0.00,-0.44
184751,0,0,2.00,400.00,300.00,0.00050,0.00,0.00,-0.44
184791,0,0,2.00,0.01010,0.50,500.00,500.000.01010,0.50,500.00,500.00,,450,110,400.00,300.00,0.00050,-0.19,0.00,-0.44
184831,0,0,2.00,.44
184852,0,0,2.00,0.01010,0.50,500.00,500.00,,450,110,400.00,300.00,0.00050,-0.13,e,0.00050,0.25,0.00,-0.44
184912,0,0,2.00,0.06,0.00,-0.44
184933,0,0,2.00,0.01010,0.50,500.00,500.00,,450,110,400.00,300.00,0.00050,gx,300.00,0.00050,0.06,0.00,-0.44
184973,0,0,2.00,0.01010,0.50,500.00,500.00,,450,1103,0.00,-0.44
185013,0,0,2.00,0.01010,0.50,500.00,500.00,,450,110,400.00,300.00,110,400.00,300.00,0.00050,0.06,0.00,-0.44
185054,0,0,2.00,0.01010,0.50,500.00,500.00,,450,500.00,500.00,,450,110,400.00,300.00,0.00050,0.06,0.00,-0.44
185094,0,0,2.00,0.00050,0.13,0.00,-0.44
185135,0,0,2.00,0.01010,0.50,500.00,500.00,,.00,0.01010,0.50,500.00,500.00,,450,110,400.00,300.00,0.00050,0.13,0.00,-0.44
185175,0,0,-0.44
185195,0,0,2.00,0.01010,0.50,500.00,500.00,,450,110,400.00,300.00,0.00050,0.061010,0.50,500.00,500.00,,450,110,400.00,300.00,0.00050,0.25,0.00,-0.44
0.00,0.00,-0.44
185276,0,0,2.00,0.01010,0.50,500.00,500.00,,450,110,400.00,300.00,0.00050,r,0.00050,-0.13,0.00,-0.44
185319,0,0,2.00,0.01010,0.50,500.00,500.00,,450,110,500.00,,450,110,400.00,300.00,0.00050,-0.1350,110,400.00,300.00,0.00050,0.06,0.00,-0.44
185402,0,0,2.00,0.01010,0.50,500.00,500.00,,450,500.00,500.00,,450,110,400.00,300.00,0.00050,-0.19,0.00,-0.44
185442,0,0,2.00,110,400.00,300.00,0.00050,-0.13,0.00,-0.44
185480,0,0,2.00,0.01010,0.50,500.0,0,2.00,0.01010,0.50,500.00,500.00,,450,110,400.00,300.00,0.00050,-0.25,0.00,-0.44
185524,0.00,-0.44
185544,0,0,2.00,0.01010,0.50,500.00,500.00,,450,110,400.00,300.00,0.00050,gx0,,450,110,400.00,300.00,0.00050,-0.13,0.00,-0.44
18500050,-0.06,0.00,-0.44
185625,0,0,2.00,0.01010,0.50,500.00,500.00,,450,110,400.00,300.00,0.dc,300.00,0.00050,-0.19,0.00,-0.44
185665,0,0,2.00,0.01010,0.50,500.00,500.00,,50,0.13,0.00,-0.44
185705,0,0,2.00,0.01010,0.50,500.00,500.00,,450,110,400.00,,450,110,400.00,300.00,0.00050,0.00,0.00,-0.44
185746,0,0,2.00,0.01010,0.50,500.00,500.00,,10,0.50,500.00,500.00,,450,110,400.00,300.00,0.00050,0.19,0.00,-0.44
185786,0,0,-0.44
185827,0,0,2.00,0.01010,0.50,500.00,500.00,,450847,0,0,2.00,0.01010,0.50,500.00,500.00,,450,110,400.00,300.00,0.00050,0.06,0.00,-0.44
0.00,-0.44
185887,0,0,2.00,0.01010,0.50,500.00,500.00,,450,110,400.00,300.00,0.0005,0,2.00,0.01010,0.50,500.00,500.00,,450,110,400.00,300.00,0.00050,0.13,0.00,0.00050,0.13,0.00,-0.44
185969,0,0,2.00,0.01010,0.50,500.00,500.00,,450,110,400.00,300.00,dc,300.00,0.00050,-0.13,0.00,-0.44
186010,0,0,2.00,0.01010,0.50,500.00,500.00,,
186052,0,0,2.00,0.01010,0.50,500.00,500.00,,450,110,400.00,300.00,,450,110,400.00,300.00,0.00050,0.13,0.00,-0.44
186093,0,0,2.00,0.01010,0.50,500.00,500.0.01010,0.50,500.00,500.00,,450,110,400.00,300.00,0.00050,0.06,0.00,-0.44
186131,450,110,400.00,300.00,0.00050,-0.31,0.00,-0.44
186175,0,0,2.00,0.01010,0.186196,0,0,2.00,0.01010,0.50,500.00,500.00,,450,110,400.00,300.00,0.00050,-0.06,0.00,-0.44
0.13,0.00,-0.44
186235,0,0,2.00,0.01010,0.50,500.00,500.00,,450,110,400.00,300.00,00.00,500.00,,450,110,400.00,300.00,0.00050,0.37,0.00,-0.0.00,0.00050,-0.13,0.00,-0.44
186317,0,0,2.00,0.01010,0.50,500.00,500.00,,450,110,400.00,30,110,400.00,300.00,0.00050,0.06,0.00,-0.44
186357,0,0,2.00,0.01010,0.50,500.00,0.00050,-0.19,0.00,-0.44
186398,0,0,2.00,0.01010,0.50,500.00,500.00,,450,110,d,500.00,,450,110,400.00,300.00,0.00050,0.00,0.00,-0.44
186438,0,0,2.00,0.01010,0.50,500.00,00,0.01010,0.50,500.00,500.00,,450,110,400.00,300.00,0.00050,0.06,0.00,-0.44
0.00,-0.44
186519,0,0,2.00,0.01010,0.50,500.00,500.00.44
186539,0,0,2.00,0.01010,0.50,500.00,500.00,,450,110,400.00,300.00,0.00050,-0.06,0.00,-0050,0.06,0.00,-0.44
186579,0,0,2.00,0.01010,0.50,500.00,500.00,,450,110,400.00,300.<186620,0,0,2.00,0.01010,0.50,500.00,500.00,,450,110,400.00,300.00,0.00050,-0.13,0.00050,0.06,0.00,-0.44
186661,0,0,2.00,0.01010,0.50,500.00,500.00,,450,110,400.00,50,110,400.00,300.00,0.00050,0.00,0.00,-0.44
186701,0,0,2.00,0.01010,0.50,500.00,500,-0.44
186743,0,0,2.00,0.01010,0.50,500.00,500.00,,450,110,400.000.00,500.00,,450,110,400.00,300.00,0.00050,0.06,0.00,-0.44
186782,0,0,2.00,0.01010,0.50,500,0,2.00,0.01010,0.50,500.00,500.00,,450,110,400.00,300.00,0.00050,-0.06,0.00,-0.44>,500.00,,450,110,400.00,300.00,0.00050,-0.13,0.00,-0.44
186867,0,0,2.00,-0.44
186885,0,0,2.00,0.01010,0.50,500.00,500.00,,450,110,400.00,300.00,0.00050,0.13,0.00,R00050,0.25,0.00,-0.44
186928,0,0,2.00,0.01010,0.50,500.00,500.00,,450,110,400.00,30c,400.00,300.00,0.00050,0.06,0.00,"-0.44>0",300.00,0.00050,-0.19,0.00,-0.44
187009,0,0,2.00,0.01010,0.50,500.00,500.00,,450,110,400.0,450,110,400.00,300.00,0.00050,0.13,0.00,-0.44
187049,0,0,2.00,0.01010,0.50,300.00,0.00050,-0.13,0.00,-0.44
187090,0,0,2.00,0.01010,0.50,500.00,500.00,,450,.50,500.00,500.00,,450,110,400.00,300.00,0.00050,-0.06,0.00,-0.44
187130,0,0,2.00,0.01010,07150,0,0,2.00,0.01010,0.50,500.00,500.00,,450,110,400.00,300.00,0.00050,0.00,0.00,-,400.00,300.00,0.00050,-0.13,0.00,-0.44
187211,0,0,2.00,0.010.00,-0.44
187231,0,0,2.00,0.01010,0.50,500.00,500.00,,450,110,400.00,300.00,0.00050,-0.06,0,0.00050,0.06,0.00,-0.44
187271,0,0,2.00,0.01010,0.50,500.00,500.00,,450,110,400.0R
187312,0,0,2.00,0.01010,0.50,500.00,500.00,,450,110,400.00,300.00,0.0005400.00,300.00,0.00050,-0.13,0.00,-0.44
187353,0,0,2.00,0.01010,0.50,500.00,500.00,,450,110,.00,,450,110,400.00,300.00,0.00050,0.00,0.00,-0.44
187393,0,0,2.00,0.01010,0.50,0,0,2.00,0.01010,0.50,500.00,500.00,,450,110,400.00,1010,0.50,500.00,500.00,,450,110,400.00,300.00,0.00050,-0.06,0.00,-0.44
187477,0,0,2.00,0.04
187498,0,0,2.00,0.01010,0.50,500.00,500.00,,450,110,400.00,300.00,0.00050,-0.06,0,0.50,500.00,500.00,,450,110,400.00,300.00,0.00050,0.00,0.00,-0.44
1875.19,0.00,-0.44
187580,0,0,2.00,0.01010,0.50,500.00,500.00,,450,110,400.00,300.00,0.00050,0.300.00,0.00050,0.19,0.00,-0.44
187620,0,0,2.00,0.01010,0.50,500.00,500.00,,450,110,,2.00,0.01010,0.50,500.00,500.00,,450,110,400.00,300.00,0.00050,110,400.00,300.00,0.00050,0.00,0.00,-0.44
187701,0,0,2.00,0.01010,0.50,500.00,500.00,,450,fc00.00,500.00,,450,110,400.00,300.00,0.00050,-0.06,0.00,-0.44
187742,0,0,2.00,0.00,400.00,300.00,0.00050,0.13,0.00,-0.44
187782,0,0,2.00,0.01010,0.50,500.00,50000,0.01010,0.50,500.00,500.00,,450,110,400.00,300.00,0.00050,-0.19,0.00,-0.44
187822,0,0,-0.44
187843,0,0,2.00,0.01010,0.50,500.00,500.00,,450,110,400.00,300.00,0.00050,0.0.00,0.00050,0.06,0.00,-0.44
187903,0,0,2.00,0.00,0.00,0.00,-0.44
187923,0,0,2.00,0.01010,0.50,500.00,500.00,,450,110,400.00,300.00,0.00050.00,300.00,0.00050,0.25,0.00,-0.44
187964,0,0,2.00,0.01010,0.50,500.00,500.00,,450,.13,0.00,-0.44
188004,0,0,2.00,0.01010,0.50,500.00,500.00,,450,110,400.00,300.0,110,400.00,300.00,0.00050,-0.06,0.00,-0.44
188045,0,0,2.00,0.01010,0.50,500.00,500.00,,450,500.00,500.00,,450,110,400.00,300.00,0.00050,-0.06,0.00,-0.44
188086,0,0,2.00,0.00050,0.19,0.00,-0.44
188127,0,0,2.00,0.01010,0.50,500.00,500.00,,f0,2.00,0.01010,0.50,500.00,500.00,,450,110,400.00,300.00,0.00050,0.00,0.00,-0.44
188168,0,00,-0.44
188187,0,0,2.00,0.01010,0.50,500.00,500.00,,450,110,400.00,300.00,0.00050,-0,0.01010,0.50,500.00,500.00,,450,110,400.00,300.00,0.00050,-0.13,0.00,-0.4050,0.19,0.00,-0.44
188272,0,0,2.00,0.01010,0.50,500.00,500.00,,450,110,400.00,300.00,0.00000.00,300.00,0.00050,-0.06,0.00,-0.44
188313,0,0,2.00,0.01010,0.50,500.00,500.00,,450,188353,0,0,2.00,0.01010,0.50,500.00,500.00,,450,110,400.00,300.00,u,,450,110,400.00,300.00,0.00050,0.31,0.00,-0.44
188393,0,0,2.00,0.01010,0.50,500.00,500.00,1010,0.50,500.00,500.00,,450,110,400.00,300.00,0.00050,0.13,0.00,-0.44
188434,0,450,110,400.00,300.00,0.00050,-0.13,0.00,-0.44
188474,0,0,2.00,0.01010,0.508495,0,0,2.00,0.01010,0.50,500.00,500.00,,450,110,400.00,300.00,0.00050,-0.06,0.00,-0.44
1813,0.00,-0.44
188535,0,0,2.00,0.01010,0.50,500.00,500.00,,450,110,400.00,300.00,0.0400.00,300.00,0.00050,-0.13,0.00,-0.44
188596.00,0.00050,-0.13,0.00,-0.44
188616,0,0,2.00,0.01010,0.50,500.00,500.00,,450,110,400.00,3000,110,400.00,300.00,0.00050,0.06,0.00,-0.44
188656,0,0,2.00,0.01010,0.50,500.00,500.,0.00050,0.13,0.00,-0.44
188697,0,0,2.00,0.01010,0.50,500.00,500.00,,450,110,d0,500.00,,450,110,400.00,300.00,0.00050,-0.13,0.00,-0.44
188738,0,0,2.00,0.01010,0.50,500.02.00,0.01010,0.50,500.00,500.00,,450,110,400.00,300.00,0.00050,-0.19,0.00,-0.44
00,300.00,0.00050,0.31,0.00,-0.44
188821,0,0,2.00,0.01010,0.50,0.44
188839,0,0,2.00,0.01010,0.50,500.00,500.00,,450,110,400.00,300.00,0.00050,0.06,0.00,-050,-0.06,0.00,-0.44
188883,0,0,2.00,0.01010,0.50,500.00,500.00,,450,110,400.00,300.<188924,0,0,2.00,0.01010,0.50,500.00,500.00,,450,110,400.00,300.00,0.00050,0.13,300.00,0.00050,0.13,0.00,-0.44
188964,0,0,2.00,0.01010,0.50,500.00,500.00,,450,110,400.00,30,110,400.00,300.00,0.00050,-0.19,0.00,-0.44
189005,0,0,2.00,0.01010,0.50,500.00,50001010,0.50,500.00,500.00,,450,110,400.00,300.00,00.00,500.00,,450,110,400.00,300.00,0.00050,-0.13,0.00,-0.44
189086,0,0,2.00,0.01010,0.50,50,0,2.00,0.01010,0.50,500.00,500.00,,450,110,400.00,300.00,0.00050,0.06,0.00,-0.44>500.00,,450,110,400.00,300.00,0.00050,0.25,0.00,-0.44
189166,0,0,2.00,0..44
189187,0,0,2.00,0.01010,0.50,500.00,500.00,,450,110,400.00,300.00,0.00050,0.00,0.00,-0.0,0.06,0.00,-0.44
189227,0,0,2.00,0.01010,0.50,500.00,500.00,,450,110,400.00,300.0050,500.00,500.00,,450,110,400.00,300.00,0.00050,-0.25,0.00,300.00,0.00050,0.19,0.00,-0.44
189308,0,0,2.00,0.01010,0.50,500.00,500.00,,450,110,400.00,450,110,400.00,300.00,0.00050,-0.13,0.00,-0.44
189348,0,0,2.00,0.01010,0.50,500.000.00,0.00050,0.06,0.00,-0.44
189389,0,0,2.00,0.01010,0.50,500.00,500.00,,450,00.00,500.00,,450,110,400.00,300.00,0.00050,0.00,0.00,-0.44
189429,0,0,2.00,0.01010,0.50,50,0,2.00,0.01010,0.50,500.00,500.00,,450,110,400.00,300.00,0.00050,0.19,0.00,"-0.44>0.00",0.00,-0.44
189510,0,0,2.00,0.01010,0.50,500.00,-0.44
189530,0,0,2.00,0.01010,0.50,500.00,500.00,,450,110,400.00,300.00,0.00050,-0.06,0.00,.00050,0.00,0.00,-0.44
189572,0,0,2.00,0.01010,0.50,500.00,500.00,,450,110,400.00,344
189613,0,0,2.00,0.01010,0.50,500.00,500.00,,450,110,400.00,300.00,0.00050,0,300.00,0.00050,0.13,0.00,-0.44
189654,0,0,2.00,0.01010,0.50,500.00,500.00,,450,110,400.00fpd,110,400.00,300.00,0.00050,-0.06,0.00,-0.44
189693,0,0,2.00,0.01010,0.50,500.,0.00,-0.44
189737,0,0,2.00,0.01010,0.50,500.00,500.00,,450,110,d,0.50,500.00,500.00,,450,110,400.00,300.00,0.00050,0.06,0.00,-0.44
189778,0,0,2.00,0.01010,89796,0,0,2.00,0.01010,0.50,500.00,500.00,,450,110,400.00,300.00,0.00050,0.06,0.00,00.00,500.00,,450,110,400.00,300.00,0.00050,-0.13,0.00,-0.44
189858,0,0,.00,-0.44
189879,0,0,2.00,0.01010,0.50,500.00,500.00,,450,110,400.00,300.00,0.00050,0.00,0.2,0.19,0.00,-0.44
189919,0,0,2.00,0.01010,0.50,500.00,500.00,,450,110,400.00,d450,110,400.00,300.00,0.00050,0.00,0.00,-0400.00,300.00,0.00050,-0.06,0.00,-0.44
190000,0,0,2.00,0.01010,0.50,500.00,500.00,,450,110,00.00,,450,110,400.00,300.00,0.00050,0.13,0.00,-0.44
190040,0,0,2.00,0.01010,0.500,300.00,0.00050,-0.13,0.00,-0.44
190081,0,0,2.00,0.01010,0.50,500.00,500.00,,fpd10,0.50,500.00,500.00,,450,110,400.00,300.00,0.00050,0.06,0.00,-0.44
190141,0,0,2.00,0.01010,0.50,500.00,500.00,,450,110,400.00,300.00,0.00050,0.13,0.0c,400.00,300.00,0.00050,0.00,0.00,-0.44
190202,0,0,2.00,3,0.00,-0.44
190222,0,0,2.00,0.01010,0.50,500.00,500.00,,450,110,400.00,300.00,0.00050,0.060.00,0.00050,0.13,0.00,-0.44
190263,0,0,2.00,0.01010,0.50,500.00,500.00,,450,110,4000,-0.44
190304,0,0,2.00,0.01010,0.50,500.00,500.00,,450,110,400.00,300.00,0.0,400.00,300.00,0.00050,-0.31,0.00,-0.44
190344,0,0,2.00,0.01010,0.50,500.00,500.00,,450,1100,500.00,,450,110,400.00,300.00,0.00050,-0.19,0.00,-0.44
190388,0,0,2.00,0.0101090429,0,0,2.00,0.01010,0.50,500.00,500.00,,450,110,40,0.01010,0.50,500.00,500.00,,450,110,400.00,300.00,0.00050,0.00,0.00,-0.44
190470,0,0,2.00-0.44
190490,0,0,2.00,0.01010,0.50,500.00,500.00,,450,110,400.00,300.00,0.00050,0.13,010,0.50,500.00,500.00,,450,110,400.00,300.00,0.00050,0.00,0.00,-0.44
190.06,0.00,-0.44
190571,0,0,2.00,0.01010,0.50,500.00,500.00,,450,110,400.00,300.00,0.00050,0,0.00050,-0.25,0.00,-0.44
190611,0,0,2.00,0.01010,0.50,500.00,500.00,,450,110,d0,0,2.00,0.01010,0.50,500.00,500.00,,450,110,400.00,300.00,0.0000,110,400.00,300.00,0.00050,0.00,0.00,-0.44
190692,0,0,2.00,0.01010,0.50,500.00,500.00,,450,500.00,500.00,,450,110,400.00,300.00,0.00050,-0.06,0.00,-0.44
190732,0,0,2.00,010,400.00,300.00,0.00050,0.00,0.00,-0.44
190773,0,0,2.00,0.01010,0.50,500.00,502.00,0.01010,0.50,500.00,500.00,,450,110,400.00,300.00,0.00050,-0.13,0.00,-0.44
190813,0,0,0,-0.44
190833,0,0,2.00,0.01010,0.50,500.00,500.00,,450,110,400.00,300.00,0.00050,00,,450,110,400.00,300.00,0.00050,-0.13,0.00,-0.44
19000050,0.06,0.00,-0.44
190915,0,0,2.00,0.01010,0.50,500.00,500.00,,450,110,400.00,300.00,0.0,300.00,0.00050,0.13,0.00,-0.44
190956,0,0,2.00,0.01010,0.50,500.00,500.00,,450,-0.25,0.00,-0.44
190996,0,0,2.00,0.01010,0.50,500.00,500.00,,450,110,400.00,450,110,400.00,300.00,0.00050,-0.06,0.00,-0.44
191039,0,0,2.00,0.01010,0.50,500.00,500.00,,010,0.50,500.00,500.00,,450,110,400.00,300.00,0.00050,-0.06,0.00,-0.44
191081,0,,-0.44
191121,0,0,2.00,0.01010,0.50,500.00,500.00,,491142,0,0,2.00,0.01010,0.50,500.00,500.00,,450,110,400.00,300.00,0.00050,0.19,0.00,-0.44
190,0.00,-0.44
191182,0,0,2.00,0.01010,0.50,500.00,500.00,,450,110,400.00,300.00,0.00,0,2.00,0.01010,0.50,500.00,500.00,,450,110,400.00,300.00,0.00050,0.06,0.00,0.00050,-0.19,0.00,-0.44
191263,0,0,2.00,0.01010,0.50,500.00,500.00,,450,110,400.00,300.00,u20,400.00,300.00,0.00050,-0.06,0.00,-0.44
191303,0,0,2.00,0.01010,0.50,500.00,500.00,,fp44
191344,0,0,2.00,0.01010,0.50,500.00,500.00,,450,110,400.00,3000.00,,450,110,400.00,300.00,0.00050,-0.13,0.00,-0.44
